,Name,Country,CountryConfidence,CreationDate,Jurisdiction
0,TRUMP ATLANTIC CITY CORPORATION,N/A,0.0,2015-10-14 00:43:09,us_de
1,ERIC TRUMP WINE MANUFACTURING LLC,United States,0.333333333333,2012-04-12 15:10:19,us_oh
2,REDDIT,N/A,0.0,2015-08-03 22:22:29,us_de
3,SIMPLE,Romania,1.0,2014-03-16 02:44:56,ro
4,PLASCAR,Croatia,1.0,2011-05-16 20:51:05,hr
5,RUSSELL INVESTMENTS,United States,1.0,2012-02-10 10:08:44,us_id
6,SUNAMERICA,N/A,0.0,2011-10-19 08:29:24,us_de
7,JOYABLE,United States,0.5,2014-02-17 05:12:52,us_ca
8,KELLOGG COMPANY,United States,1.0,2013-08-14 20:06:24,us_ny
9,DUNE REAL ESTATE PARTNERS LLC,N/A,0.0,2015-10-15 17:24:35,us_de
10,THC BAKU SERVICES LLC,United States,0.5,2014-12-12 08:16:28,us_ny
11,TRUMP PAYROLL CORP.,United States,0.333333333333,2013-08-19 11:11:57,us_ny
12,JUICERO,United States,0.25,2014-09-17 09:10:07,us_ca
13,"TRUMP ATLANTIC CITY HOLDING, INC.",N/A,0.0,2015-10-14 03:37:01,us_de
14,WINDSOR CLUB,Romania,1.0,2016-08-26 00:39:38,ro
15,EURASIAN RESOURCES GROUP,Luxembourg,1.0,2013-06-02 12:03:26,lu
16,LAMINGTON FAMILY HOLDINGS LLC,N/A,0.0,2015-09-13 18:32:35,us_de
17,TRUMP MARKS LP,N/A,0.0,2015-09-15 02:45:16,us_de
18,RELATEIQ,United States,0.5,2015-12-16 08:36:37,us_ca
19,RESTAURANT 40 LLC,United States,0.5,2013-08-18 11:54:10,us_ny
20,AMERICAN VANTAGE / HYPNOTIC INC.,United States,0.333333333333,2013-08-14 08:04:46,us_ny
21,DUNE FB LLC,N/A,0.0,2015-09-15 18:34:12,us_de
22,YALE SCHOOL OF MANAGEMENT,United States,0.5,2012-01-19 07:04:15,us_ct
23,KIDS HOPE USA,United States,0.5,2011-02-14 13:04:44,us_mi
24,"TRUMP HOTELS & CASINO RESORTS FUNDING, INC.",United States,0.5,2013-08-19 11:11:40,us_ny
25,CASCADE HILLS COUNTRY CLUB,United States,1.0,2011-02-14 16:12:27,us_mi
26,TRUMP INTERNATIONAL GOLF CLUB LC,N/A,0.0,2012-02-10 20:27:02,us_fl
27,BAY HARBOR YACHT CLUB,United States,1.0,2011-02-07 17:13:22,us_mi
28,TRUMP LAS VEGAS MEMBER LLC,N/A,0.0,2015-10-15 10:29:23,us_de
29,KINNEK,United States,0.5,2013-08-17 10:51:11,us_ny
30,AVENUE STRATEGIES,N/A,0.0,2015-08-15 10:17:48,us_de
31,CADRE,FRANCE,1.0,2017-01-22 22:25:56,fr
32,TRUMP MARKS FINE FOODS LLC,United States,0.5,2013-08-19 11:11:47,us_ny
33,HEALTHCARE EQUITY PARTNERS LP,N/A,0.0,2015-10-14 09:16:49,us_de
34,WIREDSCORE,United Kingdom,1.0,2015-06-06 11:37:41,gb
35,TRUMP TORONTO HOTEL MANAGEMENT CORP.,United States,0.5,2013-08-19 11:12:02,us_ny
36,ONE THREE MEDIA,Thailand,1.0,2013-01-10 00:49:09,th
37,TRUMP RUFFIN COMMERCIAL LLC,N/A,0.0,2015-09-15 09:05:48,us_de
38,"BRACEWELL & GIULIANI, LLP",United States,1.0,2013-08-14 15:34:02,us_ny
39,"HUDSON WATERFRONT ASSOCIATES IV, L.P.",United States,0.5,2013-08-16 06:49:00,us_ny
40,DJT HOLDINGS LLC,United States,0.125,2012-08-28 03:09:32,us_nj
41,ZOLA,FRANCE,1.0,2017-01-22 06:06:50,fr
42,BUSY BOYS INVESTMENTS LLC,N/A,0.0,2012-03-20 11:45:36,us_fl
43,DLA PIPER,United Kingdom,1.0,2010-10-22 01:37:09,gb
44,THC DC RESTAURANT HOSPITALITY LLC,United States,0.333333333333,2015-09-13 18:32:20,us_de
45,MARK BURNETT PRODUCTIONS,United States,0.5,2015-12-15 03:43:03,us_ca
46,PITZI,N/A,0.0,2015-09-14 15:33:25,us_de
47,DT MARKS JUPITER LLC,N/A,0.0,2015-09-14 19:16:29,us_de
48,KGK JEWELRY LLC,United States,0.5,2015-12-13 06:00:17,us_ca
49,DT JEDDAH TECHNICAL SERVICES ADVISOR MEMBER CORP.,N/A,0.0,2015-09-13 18:11:15,us_de
50,MAPLE,Romania,1.0,2014-03-16 03:14:03,ro
51,CARLISLE MANAGEMENT,N/A,0.0,2016-02-04 02:45:47,us_fl
52,BASELICE & ASSOCIATES,United States,1.0,2016-07-04 22:01:48,us_tx
53,THC SERVICES SHENZHEN MEMBER CORP.,United States,0.5,2014-12-04 09:00:19,us_ny
54,DRINKS AMERICAS,United States,1.0,2014-06-19 14:23:05,us_ks
55,ACADEMY OF ACHIEVEMENT,United States,1.0,2011-09-14 18:37:29,us_ca
56,LIGHTWORKERS MEDIA,United States,1.0,2011-09-17 15:06:23,us_ca
57,"ACCOR, S.A.",Panama,1.0,2011-06-19 11:13:05,pa
58,AMERICAN ACTION FORUM,United States,1.0,2015-12-08 19:40:55,us_dc
59,FIDELITY INVESTMENTS,N/A,0.0,2011-12-07 01:54:27,us_me
60,SUN BANCORP,United States,1.0,2013-06-20 12:25:16,us_ca
61,CASTLE ROCK ENTERTAINMENT,United States,0.5,2011-10-01 11:12:56,us_ga
62,IMBELLUS,United States,0.333333333333,2016-03-26 22:43:24,us_ny
63,"CIT GROUP, INC.",N/A,0.0,2015-10-15 05:04:54,us_de
64,GLOBAL GATEWAY ALLIANCE,N/A,0.0,2015-08-16 11:18:46,us_nv
65,PUBLIUS GROUP,N/A,0.0,2015-10-15 01:29:36,us_de
66,AMERICAN CONSERVATIVE UNION,United States,0.2,2015-09-19 05:48:06,us_nd
67,TORONTO DEVELOPMENT LLC,United States,1.0,2013-08-19 09:54:50,us_ny
68,NATIONAL SECURITY COUNCIL,N/A,0.0,2011-04-02 20:02:22,us_dc
69,RDV CORPORATION,United States,0.333333333333,2011-11-01 12:13:27,us_pa
70,UNITED STATES ARMY,N/A,0.0,2011-09-15 06:53:26,us_wa
71,FIFTYTHREE,United States,0.5,2013-08-15 16:31:20,us_ny
72,FAB.COM,United States,1.0,2013-08-15 14:53:17,us_ny
73,COOPER INDUSTRIES,N/A,0.0,2011-10-26 14:18:49,us_pa
74,BANKUNITED,United States,1.0,2012-03-03 07:03:27,us_md
75,JELLO LABS,N/A,0.0,2015-09-13 20:04:16,us_de
76,FLATIRON SCHOOL,United States,0.125,2015-07-08 02:30:25,us_nj
77,SUMMLY,N/A,0.0,2015-09-14 22:46:24,us_de
78,RATPAC-DUNE ENTERTAINMENT HOLDINGS LLC,N/A,0.0,2015-09-14 02:07:24,us_de
79,"TMG MEMBER, LLC",United States,1.0,2013-08-19 09:34:55,us_ny
80,FORMULA ONE,South Africa,1.0,2012-10-15 12:26:50,za
81,AMERICAN INTERNATIONAL GROUP INC.,United States,0.5,2013-08-14 07:29:55,us_ny
82,HEALTH AND HUMAN SERVICES,United States,0.25,2016-07-08 08:17:35,us_tx
83,LAWYERS FOR LIFE,United States,0.333333333333,2011-05-01 00:38:07,us_mo
84,MELANIA LLC,United States,1.0,2013-08-17 18:10:48,us_ny
85,JIBE,FRANCE,0.25,2017-01-22 09:32:03,fr
86,SYLVANUS PARTNERS LLC,United States,1.0,2014-06-19 13:53:57,us_ks
87,THC BAKU SERVICES MEMBER CORP.,United States,1.0,2014-12-12 08:21:47,us_ny
88,TNGC DUTCHESS COUNTY LLC,United States,0.5,2013-08-19 09:37:37,us_ny
89,"TRUMP INDIANA CASINO MANAGEMENT, LLC",N/A,0.0,2015-10-15 13:15:22,us_de
90,SHM INVESTMENTS LLC,N/A,0.0,2016-10-01 17:43:00,us_tx
91,GITHUB,Netherlands,0.25,2017-01-20 10:46:44,fr
92,PING AN INSURANCE,N/A,0.0,2015-11-06 02:43:07,us_fl
93,ANGEL OAK CAPITAL ADVISORS,United States,0.5,2015-12-12 09:47:33,us_ga
94,COSTCO WHOLESALE CORPORATION,United States,0.0344827586207,2013-08-15 01:21:11,us_ny
95,TRUMP MARKETING LLC,United States,0.5,2013-08-19 11:11:46,us_ny
96,"TRUMP INDIANA REALTY, LLC",N/A,0.0,2015-10-14 14:24:49,us_de
97,INSTACART,Canada,1.0,2015-09-19 19:23:17,ca_ns
98,AMERICAN FEDERATION FOR CHILDREN,United States,0.333333333333,2015-11-20 07:55:29,us_tn
99,SCL GROUP,FRANCE,1.0,2017-01-30 05:08:17,fr
100,MCNA INSURANCE COMPANY,United States,0.333333333333,2016-08-06 02:27:33,us_id
101,TRUMP AC CASINO MARKS LLC,N/A,0.0,2015-09-16 02:16:03,us_de
102,"THE STOW COMPANY — HOLLAND, INC.",United States,1.0,2011-01-24 08:15:34,us_mi
103,RESTAURANT 40 MEMBER CORP.,United States,0.5,2013-08-18 11:54:11,us_ny
104,AETOS SA,Switzerland,1.0,2017-01-18 15:48:43,fr
105,ARCELORMITTAL,Romania,1.0,2014-03-15 21:26:11,ro
106,KGK GROUP,United States,1.0,2016-07-05 05:40:04,us_tx
107,CLOSE UP FOUNDATION,United States,0.1,2012-08-28 00:16:55,us_nj
108,ORCHARD PLATFORM,United States,0.5,2015-12-19 08:14:52,us_ny
109,PAULSON ADVANTAGE LP,United States,0.5,2013-08-18 03:34:54,us_ny
110,EAST END INVESTORS LLC,N/A,0.0,2015-10-15 12:35:14,us_de
111,WALT DISNEY FAMILY MUSEUM,United States,1.0,2013-09-20 04:13:56,us_ca
112,M FAMILY TRUST,N/A,0.0,2015-12-05 11:04:03,us_sc
113,TRUMP PLAZA CORP.,N/A,0.0,2015-07-05 13:50:43,us_nj
114,EXXON MOBIL CORPORATION,United States,0.0344827586207,2014-05-28 09:15:53,us_sc
115,TRUMP MARKS MENSWEAR LLC,United States,0.5,2013-08-19 11:11:50,us_ny
116,WELLS FARGO,N/A,0.0,2015-09-16 04:01:57,us_co
117,NAVIGATOR HOLDINGS LTD.,N/A,0.0,2014-10-18 00:39:44,au
118,DT BALI HOTEL MANAGER LLC,United States,0.5,2015-06-26 08:12:41,us_ny
119,TRUMP LAS VEGAS DEVELOPMENT LLC,N/A,0.0,2015-10-15 10:29:23,us_de
120,SOCIETY OF PETROLEUM ENGINEERS,Norge,1.0,2015-07-29 21:30:34,no
121,TRUMP BOOKS LLC,United States,0.5,2013-08-19 11:11:16,us_ny
122,SILK ROAD GROUP,United States,1.0,2011-09-17 13:59:14,us_ca
123,OCWEN FINANCIAL CORP.,N/A,0.0,2015-06-22 01:54:48,us_ky
124,EXXONMOBIL DEVELOPMENT COMPANY,United States,0.142857142857,2012-01-10 09:53:06,us_ms
125,VYCLONE,United States,0.5,2011-09-17 21:47:03,us_ca
126,TRUMP MANAGEMENT INC.,United States,1.0,2013-08-19 11:11:45,us_ny
127,809 NORTH CANON LLC,United States,0.5,2015-12-13 19:13:20,us_ca
128,INVESCO LTD.,N/A,0.0,2014-05-22 00:27:13,us_hi
129,PARK BRIAR ASSOCIATES,United States,0.5,2013-09-03 04:11:08,us_ny
130,ETSY,USA,0.125,2013-08-15 13:42:37,us_ny
131,JUPITER GOLF CLUB MANAGING MEMBER CORP.,N/A,0.0,2015-09-14 21:37:24,us_de
132,NEW YORK PRESBYTERIAN HOSPITAL,United States,1.0,2013-08-19 04:44:50,us_ny
133,"BRIARCLIFF PROPERTIES, INC.",N/A,0.0,2015-06-21 13:38:17,us_ky
134,STRIPE,Romania,1.0,2014-03-16 05:25:24,ro
135,FEDERALIST SOCIETY,United States,1.0,2013-06-20 12:17:38,us_ca
136,GLOSSIER,United States,0.5,2013-08-16 10:37:06,us_ny
137,INVESCO,United States,1.0,2014-07-06 15:02:51,us_ar
138,SCOUT INVESTMENTS,N/A,0.0,2016-07-06 11:19:09,us_tx
139,TRUMP TAJ MAHAL INC.,N/A,0.0,2015-07-05 12:37:18,us_nj
140,JACKSON NATIONAL LIFE,United States,0.0344827586207,2013-05-01 17:46:24,us_or
141,INTERNATIONAL LEADERSHIP FOUNDATION,United States,0.25,2013-08-16 10:25:11,us_ny
142,40 WALL STREET COMMERCIAL LLC,United States,0.5,2013-08-14 00:55:30,us_ny
143,RELATIVITY MEDIA,United States,0.5,2015-12-13 05:03:35,us_ca
144,TRUMP OLD POST OFFICE MEMBER CORP.,United States,0.5,2015-12-04 16:36:50,us_dc
145,TNGC PINE HILL LLC,N/A,0.0,2015-07-08 11:55:17,us_nj
146,TRUMP SALES & LEASING CHICAGO LLC,N/A,0.0,2011-06-05 16:14:08,us_de
147,SAPIR ORGANIZATION,United States,0.5,2013-08-18 14:35:18,us_ny
148,NATIONAL WWII MUSEUM,United States,0.333333333333,2016-07-06 17:40:07,us_tx
149,AMWAY,US,1.0,2017-02-02 00:12:12,fr
150,DOGAN GROUP,Belgium,1.0,2014-06-09 01:11:15,be
151,CENTER FOR STRATEGIC AND INTERNATIONAL STUDIES,United States,0.166666666667,2015-12-04 09:56:07,us_dc
152,INVESTORS SAVINGS BANK,United States,1.0,2014-05-30 03:25:32,us_va
153,"CENTERRA GROUP, LLC",Singapore,0.0333333333333,2015-08-10 18:16:28,us_ri
154,WORLD WRESTLING ENTERTAINMENT,United States,0.333333333333,2015-12-04 07:38:37,us_dc
155,TRUMP VINEYARD ESTATES MANAGER CORP.,N/A,0.0,2015-09-15 02:22:41,us_de
156,THE BLACKSTONE GROUP,United States,1.0,2016-07-10 04:06:05,us_tx
157,CENTER FOR A NEW AMERICAN SECURITY,United States,0.333333333333,2015-12-08 14:43:24,us_dc
158,CREST COURT LLC,United States,1.0,2011-05-21 11:10:09,us_wa
159,TRUMP MARKS ASIA LLC,N/A,0.0,2015-09-15 01:02:43,us_de
160,HUDSON WATERFRONT IV CORPORATION,United States,0.5,2013-08-16 06:49:06,us_ny
161,HWA 1290 IV LLC,United States,0.5,2013-08-16 07:24:47,us_ny
162,"HUDSON WATERFRONT ASSOCIATES, L.P.",United States,0.5,2013-08-16 06:49:01,us_ny
163,EXXON YEMEN INC.,United States,0.5,2016-07-07 19:56:17,us_tx
164,HALL CAPITAL PARTNERS,United States,0.25,2013-08-15 22:27:13,us_ny
165,MERRILL LYNCH CREDIT CORPORATION,United States,0.04,2013-04-29 10:54:00,us_nm
166,AMG FUNDS,USA,1.0,2012-01-14 15:43:03,us_ma
167,WARBY PARKER,United States,0.5,2016-02-21 02:26:33,us_mo
168,"NEWS COMMUNICATIONS, INC.",United States,0.333333333333,2013-08-17 22:29:58,us_ny
169,YOUNG REPUBLICAN NATIONAL FEDERATION,United States,1.0,2011-03-23 11:39:41,us_dc
170,WEXFORD HALL INC.,N/A,0.0,2015-10-14 05:39:18,us_de
171,AMBOY BANK,United States,1.0,2016-07-04 13:30:57,us_tx
172,"VACCINOGEN, INC.",United States,0.333333333333,2012-03-05 04:25:11,us_md
173,DT MARKS BALI LLC,United States,0.5,2015-06-26 08:13:42,us_ny
174,SESSIONS,N/A,0.0,2015-05-07 14:46:57,us_oh
175,WLR RECOVERY ASSOCIATES IV LLC,United States,0.5,2013-08-19 16:55:41,us_ny
176,THE METROPOLITAN BAPTIST CHURCH,United States,0.5,2012-02-14 13:57:20,us_la
177,GOBBLE,Singapore,1.0,2016-07-12 14:03:24,sg
178,DTTM OPERATIONS LLC,United States,0.5,2016-01-20 08:39:43,us_ny
179,WAGON PLC,Jersey,1.0,2012-06-14 02:31:18,je
180,NEFTEGAZ HOLDING AMERICA LIMITED,United States,0.5,2016-07-04 16:23:21,us_tx
181,TRUMP NATIONAL GOLF CLUB COLTS NECK LLC,N/A,0.0,2015-09-15 14:59:02,us_de
182,"TRUMP ATLANTIC CITY FUNDING III, INC.",N/A,0.0,2015-10-14 14:59:03,us_de
183,SOUTHEAST LANDCO ACQUISITION FUND,United States,0.5,2011-10-01 16:28:17,us_ga
184,TRUMP NATIONAL GOLF CLUB WASHINGTON DC LLC,N/A,0.0,2015-09-16 05:43:11,us_de
185,TRUMP CASINOS INC.,N/A,0.0,2015-10-14 01:58:51,us_de
186,"HOMEWARD RESIDENTIAL, INC.",United States,0.0434782608696,2013-04-29 06:46:16,us_nm
187,CENTURY ASSOCIATION,N/A,0.0,2015-08-14 23:23:29,us_nv
188,FLORIDA PROPERTIES MANAGEMENT LLC,N/A,0.0,2015-08-12 04:01:08,us_nv
189,THE ERIC TRUMP FOUNDATION,United States,0.5,2013-08-19 01:54:27,us_ny
190,MULVANEY PROPERTIES,United States,1.0,2016-04-16 05:42:47,us_ny
191,COCONUTS,United States,0.333333333333,2016-12-29 16:41:13,us_az
192,"HELICOPTER AIR SERVICES, INC.",United States,0.333333333333,2013-08-16 03:24:34,us_ny
193,DJT UNIVERSITY MEMBER LLC,United States,1.0,2013-08-15 06:40:11,us_ny
194,"MISS UNIVERSE L.P., LLLP",United States,0.5,2015-09-26 19:35:14,us_ny
195,WHITNEY MUSEUM OF AMERICAN ART,United States,0.2,2015-09-19 16:14:44,us_nd
196,EATON VANCE,United Kingdom,0.5,2011-04-26 21:56:50,gb
197,GE ASSET MANAGEMENT,United Kingdom,1.0,2017-01-22 23:42:38,fr
198,TRUMP MARKS HOLLYWOOD LLC,N/A,0.0,2015-09-15 22:13:36,us_de
199,TRUMP WORLD PRODUCTIONS MANAGER CORP.,United States,0.5,2013-08-19 11:12:06,us_ny
200,MACQUARIE GROUP,N/A,0.0,2014-10-18 20:56:23,au
201,THC JEDDAH HOTEL ADVISOR MEMBER CORP.,N/A,0.0,2015-09-13 18:11:17,us_de
202,KUSHNER PROPERTIES,South Africa,0.5,2012-10-16 04:32:34,za
203,AMERICAN MEDICAL ASSOCIATION,N/A,0.0,2016-12-27 17:38:12,us_az
204,LADDER CAPITAL FINANCE LLC,United States,0.0666666666667,2014-06-19 14:45:02,us_ks
205,FORD'S THEATRE SOCIETY,N/A,0.0,2015-09-19 03:35:26,us_nd
206,UNITED STATES NAVY,United States,1.0,2015-12-05 16:30:46,us_dc
207,MLQ BK REO LLC,United States,0.5,2016-07-07 08:33:26,us_tx
208,"FAIRWAY RESOURCES GP, LLC",United States,0.333333333333,2012-02-19 08:40:14,us_la
209,MACROSOLVE,N/A,0.0,2015-11-11 05:24:31,us_ok
210,"1186 BROADWAY, LLC",United States,0.5,2013-08-13 22:52:56,us_ny
211,VALIC,FRANCE,0.5,2017-02-04 11:07:44,fr
212,HARVARD BUSINESS SCHOOL,India,1.0,2011-06-10 01:26:42,in
213,BENCHLING,United States,0.5,2014-12-03 05:23:12,us_ca
214,HMBAP LLC,United States,0.5,2015-12-14 05:35:56,us_ca
215,TNGC CHARLOTTE LLC,United States,0.5,2013-08-19 09:37:36,us_ny
216,FIRST REPUBLIC BANK,United States,0.0769230769231,2013-04-10 00:01:44,us_fl
217,EDWARD D. JONES & CO.,United States,0.5,2014-07-28 10:52:50,us_nh
218,DUNE ENTERTAINMENT PARTNERS LLC,United States,0.5,2015-12-15 21:43:40,us_ca
219,VOYA FINANCIAL,United States,0.0333333333333,2013-04-29 05:05:28,us_nm
220,DUNE ENTERTAINMENT LP,United States,0.5,2015-12-14 00:05:18,us_ca
221,GOLDMAN SACHS,Romania,1.0,2014-03-15 14:19:33,ro
222,OPENDOOR,N/A,0.0,2011-07-21 20:41:37,es
223,APOLLO GLOBAL MANAGEMENT,United States,0.5,2015-08-21 08:04:28,us_ny
224,40 WALL STREET LLC,United States,0.5,2013-08-14 00:55:31,us_ny
225,HONEST BUILDINGS,United States,0.333333333333,2013-08-16 04:49:14,us_ny
226,42FLOORS,United States,0.166666666667,2015-09-14 01:40:51,us_de
227,TRUMP MIAMI RESORT MANAGEMENT LLC,United States,0.2,2014-08-29 08:28:39,us_ny
228,DUNE PARALLEL AIV II LP,United States,0.5,2014-07-04 08:05:18,us_ny
229,INTERNATIONAL AUTOMOTIVE GROUP NORTH AMERICA,N/A,0.0,2015-09-16 14:11:13,us_de
230,TISHMAN SPEYER PROPERTIES,N/A,0.0,2012-02-18 11:24:01,us_ok
231,ORCHESTRA ATLANTA,United States,1.0,2011-10-01 06:28:43,us_ga
232,DEVELOPMENT MEMBER INC.,United States,1.0,2013-08-15 05:25:19,us_ny
233,THC SALES & MARKETING MEMBER CORP.,United States,0.5,2013-09-20 07:27:45,us_ny
234,TRUMP MARKS WAIKIKI LLC,N/A,0.0,2015-09-15 22:13:37,us_de
235,GENERAL DYNAMICS,Romania,0.5,2014-03-16 05:49:40,ro
236,INDIAN HILLS DEVELOPMENT LLC,N/A,0.0,2015-09-19 12:42:22,us_nd
237,OAKTREE CAPITAL MANAGEMENT,N/A,0.0,2015-04-05 12:28:46,us_nj
238,TRUMP INTERNATIONAL HOTELS MANAGEMENT LLC,United States,0.2,2013-08-19 11:11:43,us_ny
239,LFB ACQUISITION LLC,N/A,0.0,2013-01-05 22:34:04,us_nj
240,NORTHSTAR ASSET MANAGEMENT GROUP INC.,United States,0.1,2014-08-31 03:39:58,us_al
241,INSTAGRAM,N/A,0.0,2011-06-11 11:27:25,es
242,DT CONNECT MANAGING MEMBER CORP.,N/A,0.0,2015-09-14 08:40:05,us_de
243,CARSON SCHOLARS FUND,United States,1.0,2011-03-23 09:28:34,us_dc
244,KICKSTARTER,Belgium,1.0,2014-06-08 23:22:08,be
245,PUTNAM INVESTMENTS,USA,0.2,2012-01-15 05:59:42,us_ma
246,HWA 1290 III LLC,United States,0.5,2013-08-16 07:24:46,us_ny
247,"INBS, LLC",United States,1.0,2011-11-04 12:33:50,us_pa
248,BUSINESS COUNCIL,India,1.0,2016-06-17 11:46:03,in
249,WELLCOME TRUST,South Africa,0.5,2012-10-17 09:32:09,za
250,MIDLAND ASSOCIATES,N/A,0.0,2013-07-07 04:43:59,us_nj
251,METLIFE INC.,Puerto Rico,1.0,2013-08-19 17:57:28,pr
252,BANK OF CYPRUS,United Kingdom,1.0,2010-10-21 16:34:08,gb
253,BEACON GLOBAL STRATEGIES,N/A,0.0,2015-10-15 16:36:39,us_de
254,DT BALI GOLF MANAGER LLC,United States,0.5,2015-06-26 08:32:03,us_ny
255,DMP INTERNATIONAL,N/A,0.0,2011-10-18 12:03:00,us_de
256,EXOTICA INTERNATIONAL,United States,0.5,2015-12-13 09:20:50,us_ca
257,TRUMP CLASSIC CARS LLC,N/A,0.0,2015-09-16 05:50:05,us_de
258,C DEVELOPMENT VENTURES LLC,N/A,0.0,2016-04-13 13:31:36,us_de
259,TRUMP FLORIDA MANAGER CORP.,N/A,0.0,2015-09-16 10:52:02,us_de
260,FCR CORPORATION,N/A,0.0,2012-03-01 04:39:44,us_fl
261,TARBOX LLC,N/A,0.0,2016-08-11 03:50:05,us_de
262,ACE ENTERTAINMENT HOLDINGS INC,United States,0.333333333333,2013-08-14 03:44:20,us_ny
263,GREY ROCK ENERGY PARTNERS,N/A,0.0,2015-09-14 06:23:49,us_de
264,TRUMP LAS VEGAS CORP.,N/A,0.0,2015-08-16 10:47:56,us_nv
265,BOY SCOUTS OF AMERICA,N/A,0.0,2011-11-05 08:01:03,us_pa
266,OKLAHOMA GAS AND ELECTRIC,N/A,0.0,2015-11-11 04:13:15,us_ok
267,SUN NATIONAL BANK,United States,1.0,2012-03-02 07:03:42,us_md
268,FOX NEWS,United States,0.333333333333,2016-12-29 16:52:20,us_az
269,"TRUMP ATLANTIC CITY FUNDING II, INC.",N/A,0.0,2015-10-14 14:59:03,us_de
270,SEVEN SPRINGS LLC,United States,1.0,2016-02-13 08:14:15,us_ny
271,THE STOW COMPANY,United States,1.0,2011-01-24 00:48:51,us_mi
272,MGM TELEVISION,United States,0.5,2013-06-20 15:36:21,us_ca
273,RULE OF LAW DEFENSE FUND,United States,1.0,2015-12-04 15:13:15,us_dc
274,TW VENTURE I MANAGING MEMBER CORP.,N/A,0.0,2015-09-13 21:25:22,us_de
275,JET.COM,United States,0.142857142857,2015-09-14 21:04:29,us_de
276,DWOLLA,United States,0.142857142857,2013-05-16 12:29:08,us_ca
277,"HUDSON WATERFRONT ASSOCIATES V, L.P.",United States,0.5,2013-08-16 06:49:02,us_ny
278,ONE CENTRAL PARK WEST ASSOCIATES,United States,0.5,2013-08-18 01:12:27,us_ny
279,DREP RRI LLC,United States,0.333333333333,2015-09-15 10:23:49,us_de
280,"NORTHSTAR SECURITIES, LLC",United States,0.125,2015-07-25 01:30:46,us_mo
281,EID VENTURE II MEMBER CORP.,United States,0.5,2016-07-24 06:38:02,us_ny
282,HUDSON WATERFRONT V CORPORATION,United States,0.5,2013-08-16 06:49:07,us_ny
283,OBSERVER MEDIA,United States,0.5,2016-07-09 22:09:40,us_tx
284,TRUMP PANAMA HOTEL MANAGEMENT LLC,United States,0.5,2013-08-19 11:11:56,us_ny
285,TUTORSPREE,N/A,0.0,2011-10-19 23:53:50,us_de
286,ASSETMARK,United States,0.5,2015-12-12 09:26:00,us_ca
287,INTO THE GLOSS,United States,1.0,2015-08-28 16:17:26,us_ct
288,"IAC SPARTANBURG, INC.",N/A,0.0,2015-06-20 15:03:47,us_al
289,HOT POTATO,Panama,1.0,2011-06-19 14:34:45,pa
290,DT LIDO TECHNICAL SERVICES MANAGER LLC,United States,0.5,2015-06-26 08:26:29,us_ny
291,GUGGENHEIM PARTNERS,United States,0.166666666667,2013-08-15 22:12:19,us_ny
292,TRUMP ICE LLC,United States,0.5,2013-08-19 11:11:43,us_ny
293,BOONE AND CROCKETT CLUB,United States,0.333333333333,2016-05-14 03:39:21,us_mt
294,THE HILL SCHOOL,United States,1.0,2011-07-26 15:40:04,us_tn
295,AFFINITY MEDIA,FRANCE,0.5,2017-01-21 01:55:20,fr
296,HWA 1290 V LLC,United States,0.5,2013-08-16 07:24:50,us_ny
297,CLASSPASS,USA,0.25,2015-04-27 01:40:10,us_ma
298,"MAR-A-LAGO CLUB, LLC",N/A,0.0,2015-10-14 07:50:57,us_de
299,POSITIVE VIBRATIONS,United States,0.5,2015-12-14 09:12:31,us_ca
300,CITIBANK,Allemagne (Rép.féd.),0.5,2014-06-08 11:54:30,be
301,DT MARKS DUBAI MEMBER CORP.,N/A,0.0,2015-09-13 20:39:06,us_de
302,SPRINGS MEMORIAL HOSPITAL,N/A,0.0,2014-05-26 02:52:14,us_sc
303,THE HERITAGE FOUNDATION,United States,1.0,2016-12-28 18:27:13,us_az
304,JOHN HANCOCK FINANCIAL,United States,0.333333333333,2013-06-20 16:34:22,us_ca
305,ASSURED GUARANTY,United States,0.142857142857,2014-07-05 20:18:42,us_ar
306,SOCIAL FINANCE INC.,United States,0.125,2014-09-15 16:06:53,us_ma
307,CARREFOUR S.A.,Luxembourg,1.0,2011-01-06 20:46:14,lu
308,WPP,United States,1.0,2011-04-26 23:22:52,us_mo
309,RENTJUICE,United States,0.333333333333,2011-09-17 01:57:01,us_ca
310,SPIRIT OF AMERICA,N/A,0.0,2011-12-07 12:24:58,us_me
311,"TRUMP HOTELS & CASINO RESORTS HOLDINGS, L.P.",United States,0.333333333333,2012-01-10 07:40:30,us_ms
312,DUNE CAPITAL MANAGEMENT LP,United States,0.5,2013-08-15 09:20:32,us_ny
313,TRUMP LAUDERDALE DEVELOPMENT LLC,N/A,0.0,2012-03-28 08:14:27,us_fl
314,BANNON & CO.,United States,1.0,2011-09-16 11:44:05,us_ca
315,PORT AUTHORITY OF NEW YORK AND NEW JERSEY,Etats-Unis d'Amérique,0.5,2014-06-09 02:15:39,be
316,NEW YORK CITY POLICE FOUNDATION,United States,1.0,2015-12-08 18:56:34,us_dc
317,THCR HOLDING CORP.,N/A,0.0,2015-08-16 05:04:28,us_nv
318,MERRILL LYNCH,Romania,1.0,2014-03-15 17:03:51,ro
319,BANK OF IRELAND,United Kingdom,1.0,2010-10-21 16:34:08,gb
320,WHITE COURSE LLC,N/A,0.0,2015-09-14 10:03:12,us_de
321,"THCR MANAGEMENT SERVICES, LLC",United States,0.333333333333,2015-12-12 05:09:05,us_ca
322,"TPD ENTERTAINMENT, LLC",N/A,0.0,2016-04-13 13:23:53,us_de
323,"ICAHN ENTERPRISES, L.P.",United States,0.25,2012-11-03 03:35:42,us_nj
324,VALUE LINE,United States,1.0,2012-02-03 02:03:21,us_az
325,MLQ LLC,N/A,0.0,2014-05-22 02:50:40,us_hi
326,5 HERTFORD STREET,United Kingdom,1.0,2010-10-22 05:50:44,gb
327,NEXEO SOLUTIONS,United States,0.1,2013-05-02 01:41:25,us_or
328,"TYVOLA, LLC",United States,0.5,2016-07-05 20:59:55,us_tx
329,THE LEADERSHIP INSTITUTE,United States,1.0,2013-08-14 07:42:33,us_ny
330,SYMS CORP.,United States,0.0769230769231,2014-06-01 07:48:26,us_va
331,"SDC FAIRWAY DELTA JV, LLC",United States,0.5,2015-12-15 12:41:40,us_ca
332,TRUMP INTERNATIONAL REALTY,United States,1.0,2015-12-04 16:47:33,us_dc
333,THC SHENZHEN HOTEL MANAGER MEMBER CORP.,United States,0.5,2014-12-04 08:54:32,us_ny
334,AND CO,Romania,1.0,2014-03-16 06:33:46,ro
335,INGERSOLL RAND,N/A,0.0,2016-09-27 09:40:41,ca_nb
336,FL GROUP,Romania,1.0,2014-03-15 18:52:27,ro
337,TRUMP CLASSIC CARS MEMBER CORP.,N/A,0.0,2015-09-16 05:50:05,us_de
338,SAILTHRU,United States,0.333333333333,2013-08-18 14:13:03,us_ny
339,INTERNATIONAL TEXTILE GROUP,N/A,0.0,2015-09-14 09:37:39,hk
340,NEW YORK MERCANTILE EXCHANGE,UNITED STATES,1.0,2011-04-19 09:31:47,gb
341,SVPPLY,N/A,0.0,2011-10-19 03:15:52,us_de
342,GREENHOUSE,Romania,0.25,2016-08-25 21:20:57,ro
343,MORGAN PROPERTIES,Romania,1.0,2016-08-25 04:26:44,ro
344,TRUMP VINEYARD ESTATES LLC,N/A,0.0,2015-09-15 02:21:12,us_de
345,MADISON AVENUE DIAMONDS,United States,0.5,2013-08-17 15:12:47,us_ny
346,GOVERNMENT ACCOUNTABILITY INSTITUTE,United States,0.5,2013-09-11 04:11:47,us_ca
347,NORTHERN TRUST,N/A,0.0,2015-09-15 09:37:04,us_de
348,MONTPELIER RE HOLDINGS LTD.,N/A,0.0,2010-11-25 15:52:19,bm
349,THC CENTRAL RESERVATIONS MEMBER CORP.,United States,0.5,2013-09-21 07:35:06,us_ny
350,INTERNATIONAL STEEL GROUP,N/A,0.0,2015-09-15 10:46:19,us_de
351,BANK OF CHINA,N/A,0.0,2016-07-29 20:35:48,my
352,STRADLING YOCCA CARLSON & RAUTH,United States,0.333333333333,2011-09-15 14:57:40,us_ca
353,BANK HAPOALIM,Canada,0.166666666667,2012-03-03 06:50:18,us_fl
354,TRUMP NATIONAL GOLF CLUB MEMBER CORP.,N/A,0.0,2015-09-11 18:40:57,us_de
355,JUSTWORKS,United States,0.0454545454545,2015-12-04 10:31:44,us_vt
356,DT DUBAI GOLF MANAGER MEMBER CORP.,N/A,0.0,2015-09-13 19:31:12,us_de
357,SEARS HOLDINGS INC.,N/A,0.0,2015-10-16 21:30:25,us_de
358,DAVID HOROWITZ FREEDOM CENTER,United States,0.2,2012-02-16 08:31:56,us_ok
359,LIVWRK,United States,1.0,2013-08-17 13:37:46,us_ny
360,ZARA,Romania,0.25,2016-08-26 01:36:11,ro
361,KUSHNER COMPANIES,United States,0.333333333333,2013-08-17 11:31:57,us_ny
362,RUSSIAN-AMERICAN CHAMBER OF COMMERCE IN THE USA,United States,0.5,2013-08-19 07:53:28,us_ny
363,TNGC CHARLOTTE MANAGER CORP.,N/A,0.0,2015-08-22 10:56:33,us_de
364,UNITED WAY OF AMERICA,N/A,0.0,2013-05-01 10:34:49,us_or
365,SOCIÉTÉ GÉNÉRALE,Romania,1.0,2014-03-16 08:20:10,ro
366,CENTURY PROPERTIES,United States,0.333333333333,2013-06-20 17:03:57,us_ca
367,KAPPA BETA PHI,United States,0.5,2012-02-04 04:07:41,us_az
368,FUR VAULT INC.,United States,1.0,2012-03-04 00:10:45,us_md
369,CASCADE BANCORP,United States,0.333333333333,2013-04-30 21:05:58,us_or
370,DEPARTMENT OF THE INTERIOR,N/A,0.0,2012-02-05 20:17:35,us_sd
371,WESTMINSTER MANAGEMENT,United Kingdom,0.333333333333,2014-01-10 15:14:45,gb
372,TRUMP NETWORK,Malaysia,1.0,2016-07-29 19:24:24,my
373,"INVESCO MORTGAGE RECOVERY MASTER FUND, L.P.",United States,0.5,2013-08-16 10:41:21,us_ny
374,DK SANTA MONICA LLC,N/A,0.0,2015-09-14 09:06:04,us_de
375,DUKE UNIVERSITY,United States,0.333333333333,2011-04-02 18:51:00,us_dc
376,NASTY GAL,United States,0.333333333333,2011-09-17 03:09:27,us_ca
377,"BERG, LLC",N/A,0.0,2016-11-29 14:46:05,us_oh
378,STEVEN T. MNUCHIN INC.,United States,0.5,2011-11-02 12:16:30,us_pa
379,AMERICAN FREEDOM ALLIANCE,United States,0.5,2011-09-17 00:57:30,us_ca
380,"CAP CANA, S.A.",Panama,1.0,2011-06-19 12:04:45,pa
381,MCKENNA & ASSOCIATES,United States,0.5,2014-04-14 02:06:26,us_ca
382,TRUMP PLAZA LLC,United States,1.0,2013-08-19 11:11:57,us_ny
383,DT CONNECT II MEMBER CORP.,N/A,0.0,2015-09-14 21:41:27,us_de
384,WEWORK,United States,0.5,2014-02-04 08:39:41,us_ny
385,HONOR,United States,1.0,2015-08-28 07:58:35,us_ct
386,NATIONAL JOURNALISM CENTER,United States,1.0,2011-09-23 03:18:22,us_ca
387,TRUMP WORLD PRODUCTIONS LLC,United States,0.333333333333,2013-08-19 11:12:05,us_ny
388,TWITCH INTERACTIVE,N/A,0.0,2016-01-20 18:45:29,us_wi
389,THC SERVICES SHENZHEN LLC,United States,0.5,2014-12-04 08:51:03,us_ny
390,AMERICAN ACADEMY OF ACHIEVEMENT,United States,1.0,2011-09-15 12:50:36,us_ca
391,AMALGAMATED BANK,United States,0.333333333333,2015-08-13 04:55:37,us_nv
392,NEWS CORP,United States,1.0,2013-08-14 01:56:08,us_ny
393,TRUMP VIRGINIA ACQUISITIONS MANAGER CORP.,N/A,0.0,2015-09-15 02:49:20,us_de
394,"INVESCO PRIVATE CAPITAL INVESTMENTS, INC.",United States,0.5,2013-08-16 10:41:22,us_ny
395,OSCAR INSURANCE CORPORATION,N/A,0.0,2012-03-01 11:39:38,us_fl
396,UNITED ARTISTS MEDIA GROUP,United Kingdom,0.5,2014-04-03 14:59:30,gb
397,SAMFORD UNIVERSITY,N/A,0.0,2015-06-17 22:45:45,us_ky
398,URBAN COMPASS,United States,1.0,2011-09-22 11:09:47,us_ca
399,OBSERVER MEDIA GROUP,N/A,0.0,2015-04-05 12:28:09,us_nj
400,ALLIANCEBERNSTEIN LP,N/A,0.0,2015-09-15 01:12:28,us_de
401,TRUMP FERRY POINT MEMBER CORP.,United States,0.5,2013-08-19 11:11:35,us_ny
402,BROOKLYN MUSEUM,United States,1.0,2013-08-14 16:13:26,us_ny
403,DUNE CAPITAL PARTNERS II LP,United States,0.5,2013-08-15 09:20:33,us_ny
404,TRUMP RUFFIN TOWER I LLC,N/A,0.0,2015-10-15 19:11:15,us_de
405,ORLANDO MAGIC,Romania,1.0,2016-08-26 16:18:58,ro
406,JAPAN SOCIETY,United States,1.0,2011-09-17 16:13:23,us_ca
407,TRUMP EDUCATION ULC,Canada,0.5,2012-09-27 22:11:19,ca_qc
408,EXCO RESOURCES,United States,0.125,2015-09-13 01:27:37,us_co
409,DT BALI TECHNICAL SERVICES MANAGER LLC,United States,0.5,2015-06-26 08:11:51,us_ny
410,PINE HILL DEVELOPMENT LLC,N/A,0.0,2015-09-14 21:53:07,us_de
411,ROTHSCHILD INC.,United States,1.0,2011-09-16 03:15:24,us_ca
412,SUSSEX HALL INC.,United States,1.0,2013-08-18 20:56:40,us_ny
413,BURSON-MARSTELLER,Belgium,0.5,2014-06-08 12:12:28,be
414,THE HUDSON INSTITUTE,United States,1.0,2013-06-20 13:44:29,us_ca
415,DUNE CAPITAL PARTNERS LLC,N/A,0.0,2015-10-15 13:32:18,us_de
416,EDUCATION FREEDOM FUND,N/A,0.0,2016-05-02 09:27:32,us_nd
417,TRUMP LAS OLAS LLC,N/A,0.0,2015-09-16 10:52:02,us_de
418,NORTH FULTON CHAMBER OF COMMERCE,United States,1.0,2011-10-01 07:59:10,us_ga
419,"DAVIS MANAFORT, INC.",United States,0.333333333333,2014-05-31 18:12:55,us_va
420,DT MARKS PUNE MANAGING MEMBER CORP.,N/A,0.0,2015-09-14 05:38:18,us_de
421,THC MIAMI RESTAURANT HOSPITALITY LLC,N/A,0.0,2015-09-15 06:30:02,us_de
422,DREF II NA FUND LP,United States,0.5,2013-08-15 08:51:02,us_ny
423,AXA,Romania,1.0,2014-03-16 04:12:15,ro
424,"WREN DEVELOPMENT, LLC",United States,0.333333333333,2013-07-31 06:20:17,us_az
425,MICHAEL BEST & FRIEDRICH LLP,United States,0.142857142857,2016-04-24 16:58:01,us_ct
426,UNIVERSITY OF SOUTHERN CALIFORNIA,United States,0.5,2011-09-21 21:12:45,us_ca
427,JONES DAY,FRANCE,0.333333333333,2017-02-02 00:26:09,fr
428,"GALBREATH COLUMBUS CIRCLE DEVELOPMENT ASSOCIATES, LP",United States,0.5,2013-08-15 19:15:56,us_ny
429,"MORGAN, LEWIS & BOCKIUS LLP.",United States,0.111111111111,2013-08-17 20:17:12,us_ny
430,"INTERNATIONAL COAL GROUP, INC.",United States,0.333333333333,2013-01-04 22:39:50,us_wv
431,THRIVE CAPITAL,United States,0.333333333333,2015-12-12 22:14:28,us_ga
432,WL ROSS & CO. LLC,United States,0.2,2013-08-19 16:55:37,us_ny
433,VHPS LLC,United States,0.5,2015-12-13 03:37:02,us_ca
434,CIM GROUP,Belgium,1.0,2014-06-08 14:10:09,be
435,DAEWOO ENGINEERING AND CONSTRUCTION,Pakistan,1.0,2011-10-11 22:24:18,pk
436,ESL INVESTMENTS,United States,0.5,2016-07-08 22:34:35,us_tx
437,OPENGOV,United States,0.125,2016-04-16 14:09:58,us_in
438,THE PHILANTHROPY ROUNDTABLE,United States,0.333333333333,2013-08-19 04:58:52,us_ny
439,TRUMP DRINKS ISRAEL MEMBER CORP.,N/A,0.0,2015-09-14 20:36:52,us_de
440,BEVERLY DRIVE LLC,USA,1.0,2015-04-27 02:04:41,us_ma
441,TRUMP COMMERCIAL CHICAGO LLC,N/A,0.0,2015-09-15 17:21:28,us_de
442,"INVESCO LEGACY SECURITIES MASTER FUND, L.P.",United States,0.5,2013-08-16 10:40:45,us_ny
443,"MALC, INC.",N/A,0.0,2015-10-14 07:49:32,us_de
444,HYPERPUBLIC,United States,0.5,2013-08-16 07:30:33,us_ny
445,UNITED NEGRO COLLEGE FUND,United States,0.04,2012-02-17 13:20:00,us_ok
446,DOLE FOOD COMPANY,United States,1.0,2016-07-04 20:41:39,us_tx
447,TRUMP TAJ MAHAL ASSOCIATES,N/A,0.0,2015-07-08 10:50:01,us_nj
448,ENERGY TRANSFER PARTNERS,N/A,0.0,2015-11-11 22:58:14,us_ok
449,MARK'S CLUB,N/A,0.0,2015-06-22 09:52:15,us_ky
450,HIGHTOWER,United States,0.5,2016-07-06 11:23:35,us_tx
451,ONE CENTRAL PARK WEST PT ASSOCIATES,United States,0.5,2013-08-18 01:12:27,us_ny
452,"LEFRAK ORGANIZATION, INC.",United States,1.0,2013-08-17 12:33:10,us_ny
453,AIR LEASE,N/A,0.0,2015-09-13 17:05:26,us_de
454,"CKE RESTAURANTS, INC.",United States,0.125,2012-02-16 04:41:49,us_ok
455,NEW YORK HISTORICAL SOCIETY,United States,0.5,2013-08-31 12:31:17,us_ny
456,GOLF PRODUCTIONS LLC,N/A,0.0,2011-06-06 14:57:17,us_de
457,CENDYN,N/A,0.0,2016-02-10 02:48:03,us_fl
458,THE BEACH CLUB,United States,0.5,2015-12-10 19:44:59,us_ca
459,ALIBABA,FRANCE,0.333333333333,2017-01-20 15:58:40,fr
460,ALLIANCE FOR SCHOOL CHOICE,N/A,0.0,2015-10-15 17:32:04,us_de
461,TRANSAMERICA CORPORATION,N/A,0.0,2012-04-01 18:30:42,us_fl
462,TRUST FOR THE NATIONAL MALL,United States,1.0,2015-02-03 05:20:26,us_mi
463,AIG GLOBAL REAL ESTATE INVESTMENT CORP.,US,0.0625,2015-07-07 21:22:34,us_la
464,TRUMP MARKS FINE FOODS MEMBER CORP.,United States,0.5,2013-08-19 11:11:47,us_ny
465,PRINCETON UNIVERSITY,UNITED STATES,0.5,2011-04-19 11:39:46,gb
466,MUSEUM OF CONTEMPORARY ART,South Africa,1.0,2012-10-15 08:58:38,za
467,"HIGHLANDER HALL, INC.",United States,1.0,2013-08-16 03:59:27,us_ny
468,TRUMP OLD POST OFFICE LLC,United States,0.5,2015-12-04 17:07:24,us_dc
469,MUSEE DES ARTS DECORATIFS,Canada,1.0,2012-09-26 12:47:29,ca_qc
470,"ADVISORS ASSET MANAGEMENT, INC.",United States,0.125,2012-08-27 18:56:50,us_nj
471,BNY MELLON,N/A,0.0,2014-10-18 23:09:17,au
472,"TRUMP HOTELS & CASINO RESORTS, INC.",United States,0.5,2012-01-18 19:59:51,us_ct
473,REAL ESTATE BOARD OF NEW YORK,United States,1.0,2013-08-31 13:04:38,us_ny
474,FIREBIRD INTERNATIONAL LLC,N/A,0.0,2011-06-06 16:47:15,us_de
475,DELTA AIRLINES,India,1.0,2011-06-10 00:51:35,in
476,DUNE REAL ESTATE PARALLEL FUND II LP,United States,0.5,2013-08-15 09:20:51,us_ny
477,DOUBLELINE FUNDS,N/A,0.0,2015-09-16 18:06:32,us_de
478,HOWABOUTWE,N/A,0.0,2015-09-15 00:19:24,us_de
479,LJN,FRANCE,1.0,2017-01-19 01:38:12,fr
480,DOUBLE TAP LLC,United States,1.0,2016-04-23 07:40:17,us_ny
481,721 33H LLC,United States,0.5,2015-11-25 08:32:40,us_ny
482,THE JAMESTOWN FOUNDATION,N/A,0.0,2012-03-03 15:37:26,us_fl
483,PROTECTIVE LIFE CORPORATION,N/A,0.0,2015-10-16 23:03:32,us_de
484,U.S. STEEL,United States,1.0,2013-08-19 12:36:06,us_ny
485,CAMBRIDGE ANALYTICA,England,0.5,2014-07-30 13:52:36,gb
486,CENTER FOR STUDY OF DEMOCRATIC INSTITUTIONS,United States,0.5,2011-09-15 22:16:47,us_ca
487,COMPASS ARTS,United States,1.0,2015-07-04 23:39:40,us_ut
488,DIAMOND S. SHIPPING,United States,1.0,2015-08-28 05:20:54,us_ct
489,DJT OPERATIONS I LLC,United States,0.5,2013-08-15 06:40:17,us_ny
490,WLR RECOVERY ASSOCIATES II LLC,United States,0.5,2013-08-19 16:55:40,us_ny
491,REDI TECH LLC,United States,0.25,2015-06-04 15:46:24,us_nj
492,SENTRY INTERNATIONAL,Panama,1.0,2011-06-19 11:46:01,pa
493,ALLIS-CHALMERS CORP.,United States,1.0,2016-07-04 19:42:01,us_tx
494,3126 CORPORATION,United States,0.5,2013-08-14 00:26:40,us_ny
495,ILD B.V.,Netherlands,1.0,2011-01-13 11:33:28,nl
496,TRUMP VINEYARD ESTATES LOT 3 OWNER LLC,N/A,0.0,2015-09-14 23:07:06,us_de
497,ROBERT M. BASS GROUP,United States,0.333333333333,2016-07-10 07:41:12,us_tx
498,TITAN ATLAS MANUFACTURING,N/A,0.0,2014-05-27 12:24:53,us_sc
499,TRUMP ENDEAVOR 12 LLC,United States,0.333333333333,2013-08-19 11:11:25,us_ny
500,TRUMP VIRGINIA LOT 5 MANAGER CORP.,N/A,0.0,2015-09-14 17:50:08,us_de
501,VH PROPERTY CORP.,United States,0.5,2011-09-21 06:53:01,us_ca
502,DUNE REAL ESTATE FUND LP,United States,0.5,2013-08-15 09:20:50,us_ny
503,THERANOS,United States,0.333333333333,2011-09-22 05:36:02,us_ca
504,"TRUMP PRODUCTIONS MANAGING MEMBER, INC.",United States,0.333333333333,2013-08-19 11:11:58,us_ny
505,CDS LLC,United States,1.0,2011-04-27 00:13:20,us_mo
506,ALPHA OMEGA ALPHA HONOR MEDICAL SOCIETY,United States,1.0,2013-06-20 15:15:45,us_ca
507,RIGHT NOW,United States,0.5,2016-12-27 11:28:02,us_az
508,TRUMP NATIONAL GOLF CLUB COLTS NECK MEMBER CORP.,N/A,0.0,2015-09-15 14:59:02,us_de
509,BUSINESS ROUNDTABLE,N/A,0.0,2012-03-19 17:47:54,us_fl
510,CHINA TRADEMARK LLC,N/A,0.0,2015-09-15 11:59:32,us_de
511,"CO-INVEST HAMLET HOLDINGS B, LLC",N/A,0.0,2015-09-16 04:59:19,us_de
512,DJT ENTREPRENEUR MEMBER LLC,United States,1.0,2013-08-15 06:40:11,us_ny
513,DEUTSCHE BANK,Malaysia,0.111111111111,2014-09-17 02:42:56,us_fl
514,ALFALFA CLUB,United States,1.0,2011-03-23 14:45:39,us_dc
515,DUNE FL LAND I LLC,N/A,0.0,2015-09-13 20:19:56,us_de
516,TRUMP CHICAGO RETAIL LLC,N/A,0.0,2015-09-14 22:50:24,us_de
517,DT LIDO HOTEL MANAGER LLC,United States,0.5,2015-06-26 08:12:07,us_ny
518,HOWARD UNIVERSITY,United States,0.5,2016-07-04 13:39:28,us_tx
519,DREF II INTERNATIONAL FUND LP,United States,0.5,2013-08-15 08:50:58,us_ny
520,THE TRUMP CORPORATION,United States,0.25,2012-02-16 07:38:56,us_fl
521,AUGUST ERNST,Denmark,1.0,2013-07-18 12:27:25,dk
522,THE GRANTHAM FOUNDATION,Etats-Unis d'Amérique,1.0,2016-04-28 06:08:53,be
523,DTW VENTURE LLC,N/A,0.0,2017-01-06 02:46:23,us_fl
524,JAMESTOWN FOUNDATION,United States,0.5,2011-03-23 13:37:54,us_dc
525,LATTICE,England,0.5,2015-11-26 09:56:43,gb
526,845 UN LLC,United States,1.0,2013-08-14 02:32:15,us_ny
527,NORTHSTAR REALTY FINANCE,United States,0.25,2012-03-02 09:33:09,us_md
528,SOUTHAMPTON BATH AND TENNIS CLUB,United States,1.0,2013-08-19 08:06:58,us_ny
529,PIMCO,Romania,0.5,2016-08-26 10:03:48,ro
530,SHIFT LABS,United States,1.0,2011-09-22 15:39:39,us_ca
531,"BELLPORT PROPERTY INVESTORS I, LLC",United States,0.5,2013-08-14 13:25:10,us_ny
532,BREITBART NEWS,N/A,0.0,2015-09-14 16:40:47,us_de
533,"LEONARD/FULTON HOLDINGS, LLC",United States,0.5,2013-08-17 12:42:48,us_ny
534,JANUS CAPITAL GROUP,United States,0.2,2013-03-12 15:34:35,us_de
535,FREEPORT-MCMORAN,United States,0.2,2015-10-14 02:02:56,us_de
536,TARRAGON CORP.,N/A,0.0,2015-07-05 13:05:32,us_nj
537,REALCADRE LLC,United States,0.5,2015-07-04 08:01:54,us_ny
538,UNITY TECHNOLOGIES,USA,0.25,2016-06-23 09:04:59,us_wa
539,THE MAKE-A-WISH FOUNDATION,United States,1.0,2015-12-04 07:13:38,us_dc
540,767 MANAGER LLC,N/A,0.0,2015-10-14 16:37:23,us_de
541,FRONTIER SERVICES GROUP,United States,0.5,2016-07-06 11:36:26,us_tx
542,SEARS ROEBUCK AND COMPANY,United States,1.0,2015-06-26 06:31:22,us_mn
543,CNA CORPORATION,USA,0.166666666667,2012-01-14 02:32:26,us_ma
544,"SIX BELOW, LLC",United States,1.0,2015-07-04 13:36:38,us_ut
545,PHOENIX INTERNATIONAL HOLDING CO.,N/A,0.0,2016-06-17 04:30:40,hk
546,THC SHENZHEN HOTEL MANAGER LLC,United States,0.5,2014-12-04 08:47:44,us_ny
547,"KEY WEST, LLC",N/A,0.0,2015-09-14 09:01:53,us_de
548,"MASS CONNECTIONS, INC.",United States,0.25,2013-08-19 13:52:14,pr
549,DT CONNECT II LLC,N/A,0.0,2015-09-14 21:41:55,us_de
550,"MAR-A-LAGO CLUB, INC",N/A,0.0,2015-10-14 07:49:32,us_de
551,PLAZA CONSULTING CORP.,United States,1.0,2013-08-18 07:51:57,us_ny
552,PATTON BOGGS,United States,0.142857142857,2012-02-20 10:38:09,us_la
553,TOWER MORTGAGE SERVICES LLC,N/A,0.0,2012-08-28 00:16:43,us_nj
554,IREO,Mauritius,1.0,2012-03-10 04:17:10,mu
555,"HUDSON WATERFRONT ASSOCIATES I, L.P.",United States,0.5,2013-08-16 06:49:00,us_ny
556,TWO TREES MANAGEMENT,United Kingdom,1.0,2012-04-13 17:32:38,gb
557,TRUMP NATIONAL GOLF CLUB - COLTS NECK,N/A,0.0,2015-09-15 14:59:02,us_de
558,DT CONNECT LLC,N/A,0.0,2015-09-14 08:40:07,us_de
559,HUDSON WATERFRONT I CORPORATION,United States,0.5,2013-08-16 06:49:04,us_ny
560,DYNCORP,United States,0.0833333333333,2013-08-19 13:39:28,pr
561,DEVELOPMENT BANK OF JAPAN,JAPAN,1.0,2011-04-18 22:42:14,gb
562,EMT AIR LLC,N/A,0.0,2015-09-14 19:49:36,us_de
563,"TRUMP ATLANTIC CITY FUNDING, INC.",N/A,0.0,2015-10-14 09:46:43,us_de
564,809 NORTH CANON MEMBER CORPORATION,United States,0.5,2011-09-20 16:37:49,us_ca
565,STM CAPITAL LLC,N/A,0.0,2015-09-14 13:54:54,us_de
566,COLONY STARWOOD HOMES,United States,1.0,2016-03-03 02:14:56,us_md
567,THE TRUMP ENTREPRENEUR INITIATIVE LLC,United States,0.5,2013-08-19 08:21:59,us_ny
568,ASSOCIATION OF AMERICAN PHYSICIANS AND SURGEONS,United States,1.0,2015-05-25 12:58:48,us_in
569,DT MARKS LIDO LLC,United States,0.5,2015-06-26 08:13:53,us_ny
570,NATIONAL ETHNIC COALITION OF ORGANIZATIONS,United States,1.0,2013-08-17 21:31:51,us_ny
571,CARLYLE GROUP,N/A,0.0,2015-10-15 17:40:16,us_de
572,TIAA-CREF,N/A,0.0,2011-10-18 17:18:32,us_de
573,PATREON,United States,0.5,2013-07-20 12:48:39,us_ca
574,JUPITER GOLF CLUB LLC,N/A,0.0,2015-09-14 21:37:23,us_de
575,DT ENDEAVOR I LLC,United States,0.5,2016-04-21 19:00:13,us_ct
576,"CONTINENTAL AIRLINES, INC.",United States,0.166666666667,2014-06-19 15:36:04,us_ks
577,THE MITRE CORPORATION,Singapore,0.047619047619,2013-08-19 13:02:55,pr
578,MNC GROUP,United States,1.0,2014-05-19 10:47:47,us_va
579,DC CAPITAL PARTNERS,United States,0.5,2016-09-20 08:19:30,us_az
580,MARINES' MEMORIAL CLUB,United States,1.0,2011-11-04 22:21:44,us_pa
581,PAYDEN & RYGEL,United States,1.0,2013-06-20 10:19:17,us_ca
582,BLACKROCK,Romania,1.0,2014-03-15 19:49:31,ro
583,GREAT LAKES EDUCATION FOUNDATION,United States,1.0,2011-02-14 11:56:21,us_mi
584,TRUMP CAROUSEL LLC,United States,0.5,2013-08-19 11:11:17,us_ny
585,EURASIAN NATURAL RESOURCES CORPORATION,United Kingdom,1.0,2010-10-22 04:13:04,gb
586,TRUMP NATIONAL GOLF CLUB LLC,United States,1.0,2013-08-19 11:11:54,us_ny
587,"COLONY CAPITAL, INC.",United States,0.333333333333,2013-08-14 22:43:16,us_ny
588,TIHT MEMBER LLC,United States,1.0,2013-08-19 09:07:55,us_ny
589,STM PARTNERS LLC,United States,0.5,2016-07-05 19:09:41,us_tx
590,"TRUMP ACQUISITION, LLC",N/A,0.0,2015-09-15 06:41:44,us_de
591,SOHO 3310,United States,0.5,2016-05-09 15:16:17,us_ny
592,TRUMP DEVELOPMENT SERVICES LLC,United States,0.5,2013-08-19 11:11:21,us_ny
593,"HUDSON WATERFRONT ASSOCIATES II, L.P.",N/A,0.0,2015-10-14 07:09:39,us_de
594,LOLA,Romania,1.0,2014-03-16 05:01:51,ro
595,CLUB COLLETTE,N/A,0.0,2014-11-08 23:25:35,ca_nb
596,NAKHEEL LLC,United States,1.0,2014-06-09 16:45:35,us_mi
597,"CHEVY CHASE TRUST HOLDINGS, INC.",United States,1.0,2015-07-02 22:53:45,us_mn
598,FLIGHTS INC.,United States,0.333333333333,2011-08-22 12:02:56,us_oh
599,ENTERTAINMENT CONSULTING INTERNATIONAL,United States,1.0,2013-06-24 03:01:46,us_mo
600,DUNE ENTERTAINMENT III LLC,N/A,0.0,2015-09-15 14:56:25,us_de
601,TRUMP SCOTSBOROUGH SQUARE LLC,N/A,0.0,2015-09-13 18:32:36,us_de
602,DT LIDO GOLF MANAGER LLC,United States,0.5,2015-06-26 08:11:00,us_ny
603,THE ARTHRITIS FOUNDATION,N/A,0.0,2011-04-25 02:01:31,gb
604,INTERNATIONAL AUTOMOTIVE COMPONENTS GROUP,Belgium,1.0,2014-06-09 00:31:34,be
605,BAYROCK GROUP,N/A,0.0,2015-09-15 11:12:17,us_de
606,TRUMP MARKS LLC,N/A,0.0,2015-09-13 20:55:34,us_de
607,INDIAN HILLS HOLDINGS LLC,United States,1.0,2013-08-16 09:20:57,us_ny
608,LADDER CAPITAL I FINANCE LLC,United States,0.0666666666667,2014-06-19 14:45:02,us_ks
609,DAMAC GROUP,United Kingdom,1.0,2010-10-22 00:09:37,gb
610,OPO HOTEL MANAGER MEMBER CORP.,United States,0.333333333333,2015-09-14 07:52:02,us_de
611,JENNER & BLOCK,United States,0.333333333333,2013-08-16 12:39:17,us_ny
612,POKER VENTURE LLC,N/A,0.0,2015-09-14 09:57:27,us_de
613,ABERDEEN ASSET MANAGEMENT,USA,1.0,2012-01-15 22:22:01,us_ma
614,"TRUMP MARKS MMA, LLC",United States,0.5,2015-12-14 07:24:50,us_ca
615,"HUDSON WESTSIDE ASSOCIATES, L.P.",N/A,0.0,2015-10-14 06:17:06,us_de
616,CLARE BOOTHE LUCE POLICY INSTITUTE,United States,0.333333333333,2014-05-18 15:23:42,us_va
617,COUNCIL ON FOREIGN RELATIONS,United Kingdom,0.5,2010-10-21 23:07:34,gb
618,FIDELITY,Romania,1.0,2014-03-15 15:55:30,ro
619,"TRUMP PAGEANTS, INC.",United States,0.333333333333,2016-07-09 06:04:16,us_tx
620,LEXINGTON MEDICAL CENTER FOUNDATION,N/A,0.0,2014-05-25 12:06:06,us_sc
621,"INVESCO PRIVATE CAPITAL, INC.",United States,0.25,2015-05-25 13:49:31,us_in
622,"ALL CHILDREN MATTER, INC.",United States,0.5,2014-05-18 14:56:29,us_va
623,"INVESCO, LTD.",N/A,0.0,2014-05-22 00:27:13,us_hi
624,THE SOUTHERN BAPTIST THEOLOGICAL SEMINARY,United States,0.166666666667,2012-03-04 21:18:09,us_md
625,PRUDENTIAL FINANCIAL,N/A,0.0,2014-06-01 06:32:18,ug
626,"IACNA KOREA, INC.",N/A,0.0,2011-10-19 17:20:42,us_de
627,MICHIGAN CHAMBER OF COMMERCE,United States,1.0,2011-01-25 00:21:54,us_mi
628,MRP GROUP,FRANCE,1.0,2017-01-31 15:00:15,fr
629,WEST PALM OPERATIONS LLC,N/A,0.0,2012-04-03 05:03:55,us_fl
630,TRUMP CARIBBEAN LLC,United States,0.5,2013-08-19 11:11:17,us_ny
631,BRAIN TRAUMA FOUNDATION,United States,1.0,2016-07-07 06:20:42,us_tx
632,THCR/LP CORPORATION,N/A,0.0,2015-08-17 06:20:28,us_nv
633,JOHNS HOPKINS UNIVERSITY,N/A,0.0,2016-11-17 20:04:52,us_ak
634,TRUMP CHICAGO MEMBER LLC,N/A,0.0,2015-10-15 07:18:29,us_de
635,DT DUBAI GOLF MANAGER LLC,N/A,0.0,2015-09-13 19:31:22,us_de
636,COUNCIL FOR NATIONAL POLICY,United States,0.5,2015-12-08 07:49:18,us_dc
637,DW MLB LLC,N/A,0.0,2015-09-15 03:56:59,us_de
638,"GENIUS PRODUCTS, INC.",United States,0.25,2011-09-22 11:18:15,us_ca
639,TRUMP MARKS MTG LLC,United States,0.5,2013-08-19 11:11:52,us_ny
640,HUDSON WATERFRONT III CORPORATION,United States,0.5,2013-08-16 06:49:05,us_ny
641,EL VEDADO LLC,United States,1.0,2013-08-15 11:45:48,us_ny
642,"HF GLOBAL, INC.",N/A,0.0,2015-08-16 02:03:09,us_nv
643,QS ENERGY INC.,United States,0.5,2011-09-21 22:49:52,us_ca
644,AMERICAN PETROLEUM INSTITUTE,United States,0.047619047619,2014-06-28 07:28:48,us_nm
645,"NANO-TEX, INC.",United States,0.333333333333,2014-09-26 21:20:42,us_nc
646,EXXON NEFTEGAS LIMITED,N/A,0.0,2015-07-28 23:28:08,no
647,TRUMP DEVELOPMENT SERVICES MEMBER CORP.,United States,0.5,2013-08-19 11:11:22,us_ny
648,DJT HOLDINGS MANAGING MEMBER LLC,United States,0.142857142857,2013-03-09 22:55:02,us_fl
649,AMERICAN OPPORTUNITY ALLIANCE,N/A,0.0,2015-09-13 22:45:56,us_de
650,THC SALES & MARKETING LLC,United States,0.5,2013-09-19 07:27:50,us_ny
651,GREENBRIER,United States,0.333333333333,2016-07-07 14:01:24,us_tx
652,"VERNER, LIIPFERT, BERNHARD, MCPHERSON AND HAND",N/A,0.0,2012-02-11 00:57:16,us_fl
653,ALCOA INC.,N/A,0.0,2016-01-20 10:02:48,us_wi
654,NATIONAL ASSOCIATION OF WOMEN BUSINESS OWNERS,United States,0.25,2015-12-05 18:58:37,us_pa
655,ROOMORAMA,United States,0.5,2013-08-18 13:14:51,us_ny
656,TIHM MEMBER CORP.,United States,0.333333333333,2013-08-19 09:07:53,us_ny
657,LINCOLN PROPERTY CO.,N/A,0.0,2012-03-25 04:50:54,us_fl
658,FEDERAL ELECTION COMMISSION,N/A,0.0,2015-10-14 02:24:57,us_de
659,EXCELLENCE IN EDUCATION IN ACTION,United States,1.0,2015-12-21 09:54:39,us_vt
660,EID VENTURE I LLC,United States,0.5,2015-11-06 08:26:07,us_ny
661,"TRUMP CASINO FUNDING, INC.",N/A,0.0,2015-09-16 09:46:38,us_de
662,"THE POLICE ATHLETIC LEAGUE, INC.",United States,0.5,2014-06-19 11:57:57,us_ks
663,PALM BEACH CIVIC ASSOCIATION,N/A,0.0,2012-02-27 03:56:16,us_fl
664,JUMP RAMP GAMES,United States,0.5,2013-08-17 09:32:19,us_ny
665,NEW GRACE MISSIONARY BAPTIST CHURCH,United States,1.0,2011-11-04 08:14:54,us_pa
666,"TRUMP ENTERTAINMENT RESORTS, INC.",N/A,0.0,2015-10-14 07:51:00,us_de
667,SUNOCO LOGISTICS PARTNERS,United States,0.5,2011-11-03 01:56:58,us_pa
668,MULTIPLE MYELOMA RESEARCH FOUNDATION,N/A,0.0,2015-11-11 03:10:43,us_ok
669,RATPAC-DUNE ENTERTAINMENT LLC,N/A,0.0,2015-09-14 00:30:38,us_de
670,THE NEW MUSEUM,N/A,0.0,2011-04-02 20:13:50,us_dc
671,ADVOCATES FOR SCHOOL CHOICE,United States,0.25,2012-02-03 10:59:23,us_az
672,GROUPME,United States,0.5,2013-08-15 21:56:50,us_ny
673,"KEYSTONE GROUP, L.P.",United States,0.166666666667,2015-11-11 23:07:01,us_ok
674,SWISS DEVELOPMENT GROUP,Switzerland,1.0,2016-09-09 08:58:41,ch
675,REPUBLICAN NATIONAL COMMITTEE,United States,1.0,2015-12-05 19:58:43,us_dc
676,BRACEWELL,United States,1.0,2013-08-14 15:34:02,us_ny
677,SEGMENT.IO,United States,0.5,2012-06-20 12:13:23,us_ca
678,DUNE ENTERTAINMENT HOLDINGS,N/A,0.0,2015-09-15 12:56:04,us_de
679,NEVERWARE,United States,0.5,2013-08-17 22:11:31,us_ny
680,TRUMP RUFFIN LLC,N/A,0.0,2015-10-15 10:32:50,us_de
681,SANEI INTERNATIONAL,United States,1.0,2013-08-18 14:30:05,us_ny
682,"BELLPORT MEZZ I, LLC",United States,0.5,2013-08-14 13:25:09,us_ny
683,FOUNDATION FOR EXCELLENCE IN EDUCATION,United States,0.0909090909091,2013-07-24 05:16:11,us_ia
684,TRUMP'S CASTLE MANAGEMENT CORP.,United States,0.5,2013-08-19 11:12:00,us_ny
685,"TRUMP INDIANA, INC.",N/A,0.0,2015-07-05 14:12:08,us_nj
686,TRUMP PARK AVENUE LLC,United States,0.5,2013-08-19 11:11:56,us_ny
687,NEW YORK SOCIETY OF SECURITY ANALYSTS,United States,0.5,2013-08-17 22:47:27,us_ny
688,RPV DEVELOPMENT LLC,United States,0.5,2015-12-12 09:33:15,us_ca
689,"RDV SPORTS, INC",United States,0.5,2011-01-24 13:42:56,us_mi
690,OPO HOTEL MANAGER LLC,United States,0.333333333333,2015-09-14 07:52:04,us_de
691,TRUMP SCOTSBOROUGH SQUARE MEMBER CORP.,N/A,0.0,2015-09-13 18:39:10,us_de
692,NATIONWIDE MUTUAL INSURANCE COMPANY,United States,0.0769230769231,2014-05-18 12:45:13,us_va
693,R2 REAL ESTATE,N/A,0.0,2015-10-15 19:05:53,us_de
694,LEWIS BRISBOIS BISGAARD & SMITH LLP,USA,0.0588235294118,2015-11-05 08:57:05,us_ny
695,"HWA 555 OWNERS, LLC",United States,0.5,2015-12-13 12:00:07,us_ca
696,MNC LAND,N/A,0.0,2014-11-09 00:18:01,ca_nb
697,T INTERNATIONAL REALTY LLC,United States,0.142857142857,2015-08-28 05:57:53,us_ct
698,WHISPER,United States,1.0,2012-02-20 05:57:11,us_la
699,MNC BANK,United States,1.0,2012-03-02 05:09:17,us_md
700,NATIONAL ACADEMY OF DESIGN,United States,1.0,2013-08-31 12:31:15,us_ny
701,FREDERICK WILLIAMS ASSOCIATES,N/A,0.0,2012-04-06 17:29:33,us_fl
702,PARAMOUNT RPV HOLDINGS LLC,United States,0.333333333333,2013-08-18 02:53:42,us_ny
703,TRUMP MARKS GP CORP.,United States,0.5,2013-08-19 11:11:48,us_ny
704,EID VENTURE I CORPORATION,United States,0.5,2015-11-06 08:26:25,us_ny
705,"HUDSON WATERFRONT ASSOCIATES III, L.P.",United States,0.5,2013-08-16 06:48:59,us_ny
706,RENAISSANCE TECHNOLOGIES,United States,1.0,2016-07-05 00:08:02,us_tx
707,TRUMP CHICAGO DEVELOPMENT LLC,N/A,0.0,2015-10-15 07:18:28,us_de
708,LAPD FOUNDATION,United States,1.0,2012-05-23 21:17:36,us_ca
709,TRUMP FERRY POINT LLC,United States,0.5,2013-08-19 11:11:34,us_ny
710,INTERNET GAMING ENTERTAINMENT,N/A,0.0,2011-06-12 02:05:39,es
711,MNC MEDIA,N/A,0.0,2014-10-18 23:15:54,au
712,GIFTLY,N/A,0.0,2015-09-14 23:41:22,us_de
713,VOSTU,N/A,0.0,2015-09-16 19:16:24,us_de
714,TRUMP MARKS PRODUCTS LLC,United States,0.5,2013-08-19 11:11:52,us_ny
715,BANK OF AMERICA,United States,1.0,2011-11-02 10:13:17,us_pa
716,CORONET HALL INC.,United States,1.0,2013-08-15 01:04:58,us_ny
717,"WLR RECOVERY FUND IV, L.P.",United States,0.5,2013-08-19 16:55:46,us_ny
718,"SKADDEN, ARPS, SLATE, MEAGHER & FLOM LLP",United States,0.142857142857,2012-02-05 23:58:57,us_sd
719,"OCM, LTD.",N/A,0.0,2011-06-10 02:51:00,in
720,"XE SERVICES, LLC",United States,1.0,2014-04-25 08:45:19,us_ny
721,BEDFORD HILLS CORP.,United States,0.5,2013-08-14 02:17:15,us_ny
722,NATIONAL ACADEMY OF ENGINEERING,N/A,0.0,2015-11-11 03:07:31,us_ok
723,COMPASS REAL ESTATE,United States,1.0,2017-01-08 23:53:39,us_id
724,TRUMP LAS VEGAS MANAGING MEMBER LLC,N/A,0.0,2015-10-15 10:29:26,us_de
725,UNITED THEOLOGICAL SEMINARY,United States,1.0,2011-09-16 16:12:26,us_ca
726,FABFITFUN,United States,0.5,2015-05-17 10:00:40,us_ca
727,BLOOMBERG PHILANTHROPIES,United States,0.5,2015-12-14 23:55:14,us_ca
728,SLACK TECHNOLOGIES,United States,0.142857142857,2016-08-19 14:39:28,us_co
729,POKER VENTURE MANAGING MEMBER CORP.,N/A,0.0,2015-09-14 09:57:28,us_de
730,THC CENTRAL RESERVATIONS LLC,United States,0.5,2013-09-18 07:42:37,us_ny
731,ROYAL BANK AMERICA,United States,1.0,2011-11-01 09:59:20,us_pa
732,"THE VANGUARD GROUP, INC.",United States,0.05,2015-06-20 22:54:39,us_ky
733,HUDSON WATERFRONT CORPORATION,N/A,0.0,2015-10-14 06:12:21,us_de
734,RECOLTE,FRANCE,1.0,2017-01-31 07:57:22,fr
735,"TRUMP CASINO HOLDINGS, LLC",N/A,0.0,2015-09-16 09:46:38,us_de
736,JPMORGAN CHASE,N/A,0.0,2012-09-16 00:47:39,fi
737,SG BLOCKS INC.,United States,0.5,2013-08-18 15:54:50,us_ny
738,USAA,United States,0.5,2016-07-05 15:39:47,us_tx
739,"TRUMP PANAMA CONDOMINIUM MANAGEMENT, LLC",N/A,0.0,2015-09-15 12:06:29,us_de
740,CHELSEA HALL LLC,United States,1.0,2013-08-14 20:46:58,us_ny
741,TRUMP MIAMI RESORT MANAGEMENT MEMBER CORP.,N/A,0.0,2015-09-14 10:17:32,us_de
742,MILEWISE,N/A,0.0,2015-09-16 19:35:30,us_de
743,ETC ESTATE,United States,1.0,2012-03-03 21:06:41,us_md
744,COLONY AMERICAN FINANCE,United States,1.0,2016-03-03 07:56:37,us_md
745,"CITIMORTGAGE, INC.",United States,0.0714285714286,2014-07-04 01:45:51,us_ar
746,HARRY'S BAR,N/A,0.0,2014-11-08 23:03:56,ca_nb
747,TRUMP CAROUSEL MEMBER CORP.,United States,0.5,2013-08-19 11:11:18,us_ny
748,THE METROPOLITAN OPERA,United States,0.5,2013-08-19 04:31:47,us_ny
749,FORWARD,Romania,1.0,2016-08-25 07:49:11,ro
750,EID VENTURE II LLC,United States,0.5,2016-07-24 06:37:49,us_ny
751,ALTEGRIS,Panama,1.0,2011-06-19 10:47:11,pa
752,ARTSY,Singapore,1.0,2016-07-12 14:23:04,sg
753,YUN CAPITAL,N/A,0.0,2011-10-19 06:38:57,us_de
754,THC VENTURE I LLC,N/A,0.0,2015-09-14 03:51:26,us_de
755,TRUMP ENDEAVOR 12 MANAGER CORP.,United States,0.333333333333,2013-08-19 11:11:26,us_ny
756,"OMAROSA, INC.",United States,1.0,2011-09-22 17:03:42,us_ca
757,THE HARTFORD,United States,1.0,2012-01-18 14:32:15,us_ct
758,SEI INVESTMENTS COMPANY,USA,0.166666666667,2012-01-15 10:06:21,us_ma
759,TRUMP LAS OLAS MEMBER CORP.,N/A,0.0,2015-09-16 10:52:02,us_de
760,"NEUROCORE, LLC",United States,0.333333333333,2014-06-09 12:08:08,us_mi
761,ALTICOR,United States,0.25,2011-07-26 09:01:55,us_tn
762,MAPBOX,N/A,0.0,2011-03-30 07:34:52,us_dc
763,ROSNEFT,United Kingdom,1.0,2016-03-22 14:10:54,gb
764,OPAL RESOURCES LLC,United States,0.25,2016-07-04 13:58:43,us_tx
765,GRADY MEMORIAL HOSPITAL,N/A,0.0,2015-11-11 03:09:48,us_ok
766,SFM CAPITAL MANAGEMENT,United States,0.5,2013-08-18 15:53:50,us_ny
767,HORATIO ALGER ASSOCIATION OF DISTINGUISHED AMERICANS,United States,1.0,2015-12-04 07:41:18,us_dc
768,DETROIT ATHLETIC CLUB,United States,1.0,2011-02-14 15:31:44,us_mi
769,"TRUMP EMPIRE STATE, INC.",United States,0.5,2013-08-19 11:11:23,us_ny
770,T. ROWE PRICE,Panama,1.0,2011-06-19 14:55:30,pa
771,CAMBRIDGE WHO'S WHO,United States,1.0,2013-08-14 17:11:32,us_ny
772,TW VENTURE I LLC,N/A,0.0,2015-09-13 21:25:22,us_de
773,ROSWELL ROTARY CLUB,United States,1.0,2011-10-01 08:04:46,us_ga
774,TRUMP INTERNATIONAL MANAGEMENT CORP.,United States,0.5,2013-08-19 11:11:44,us_ny
775,TRUMP MARKS MENSWEAR MEMBER CORP.,United States,0.5,2013-08-19 11:11:51,us_ny
776,CUE,N/A,0.0,2013-06-02 01:42:38,us_fl
777,"PARC CONSULTING, INC.",United States,1.0,2013-08-18 02:54:09,us_ny
778,MELANIA MARKS SKINCARE LLC,United States,0.5,2013-08-17 18:10:48,us_ny
779,TRUMP VIRGINIA LOT 5 LLC,N/A,0.0,2015-09-14 17:50:11,us_de
780,THC JEDDAH HOTEL ADVISOR LLC,N/A,0.0,2015-09-13 18:11:18,us_de
781,SMALL BUSINESS ADMINISTRATION,N/A,0.0,2014-06-01 08:35:27,ug
782,INVESCO WLR LIMITED,N/A,0.0,2014-08-31 17:15:47,hk
783,"ESL PARTNERS, LP",N/A,0.0,2013-04-11 22:23:13,us_fl
784,MARINE CORPS SCHOLARSHIP FOUNDATION,United States,0.5,2011-03-30 07:36:08,us_dc
785,ARIOSO APARTMENTS,N/A,0.0,2015-09-15 09:13:33,us_de
786,GREENBERG TRAURIG LLP,United States,0.25,2016-01-22 03:49:17,us_wa
787,BROOKINGS INSTITUTION,United States,0.333333333333,2011-09-21 15:15:19,us_ca
788,THE RIVER CLUB,United States,1.0,2013-08-14 13:30:11,us_ny
789,VORNADO REALTY TRUST,United States,0.333333333333,2013-08-20 16:34:17,us_ny
790,FOURCADE LLC,United States,1.0,2015-04-01 08:23:51,us_ny
791,ACADEMI,United Kingdom,1.0,2010-10-21 13:10:13,gb
792,"DELAWARE MANAGEMENT HOLDINGS, INC.",United States,0.5,2011-10-26 06:10:43,us_pa
793,NATIONAL DEFENSE UNIVERSITY,United States,1.0,2012-02-14 06:07:46,us_vt
794,PIONEER INVESTMENTS,N/A,0.0,2016-01-20 12:17:21,us_wi
795,CENTER FOR DEMOCRACY,United States,1.0,2013-08-14 20:11:17,us_ny
796,KENNEDY CENTER,United States,1.0,2016-07-05 04:39:20,us_tx
797,VIRGINIA ACQUISITIONS LLC,N/A,0.0,2015-09-15 07:43:52,us_de
798,TNGC JUPITER MANAGEMENT LLC,N/A,0.0,2015-09-15 00:13:58,us_de
799,"HYDE PARK, LLC",United States,0.333333333333,2016-03-03 21:11:39,us_ma
800,PAN ROSS LP,N/A,0.0,2015-09-15 19:39:09,us_de
801,DT JEDDAH TECHNICAL SERVICES ADVISOR LLC,N/A,0.0,2015-09-13 18:11:18,us_de
802,TRUMP DRINKS ISRAEL LLC,N/A,0.0,2015-09-14 20:36:50,us_de
803,NUVEEN INVESTMENTS,United States,0.5,2011-09-14 23:19:38,us_ca
804,STATE STREET CORPORATION,United States,0.5,2013-08-13 22:58:22,us_ny
805,OVERSEAS PRIVATE INVESTMENT CORPORATION,United States,0.25,2011-10-25 20:18:34,us_pa
806,FOREMOST GROUP,United States,0.5,2015-12-15 20:44:36,us_ca
807,MANHATTAN PARTNERS,N/A,0.0,2015-08-22 10:55:40,us_de
808,KING & SPALDING,Singapore,1.0,2016-07-12 13:52:08,sg
809,FLYNN INTEL GROUP,N/A,0.0,2015-08-29 16:27:09,us_de
810,MNC CORPORATION,N/A,0.0,2012-03-01 13:49:16,us_fl
811,WIRTHLIN GROUP,United States,0.333333333333,2015-07-05 02:41:33,us_ut
812,MARS HILL BIBLE CHURCH,United States,1.0,2011-02-07 20:29:03,us_mi
813,BAYROCK/SAPIR ORGANIZATION LLC,United States,0.5,2013-08-14 12:47:05,us_ny
814,DT APP WARRANT HOLDING LLC,United States,0.5,2013-08-15 09:10:40,us_ny
815,DT VENTURE I LLC,N/A,0.0,2017-01-06 02:49:46,us_fl
816,PARTNERSHIP FOR NEW YORK CITY,United States,1.0,2013-08-19 04:55:52,us_ny
817,DW MLB OWNER LLC,N/A,0.0,2015-09-14 07:42:55,us_de
818,TRUMP PROPERTIES LLC,USA,0.333333333333,2012-01-15 16:26:49,us_ma
819,TRUMP INTERNATIONAL HOTEL HAWAII LLC,N/A,0.0,2014-05-22 05:42:32,us_hi
820,"TAG AIR, INC.",United States,1.0,2013-06-20 07:08:29,us_ca
821,INDEPENDENT WOMEN'S FORUM,United States,0.25,2014-05-18 15:19:56,us_va
822,NEW WORLD PROPERTY MANAGEMENT LIMITED,United Kingdom,1.0,2014-10-28 09:45:31,gb
823,TRUMP FLORIDA MANAGEMENT LLC,N/A,0.0,2015-09-16 10:52:02,us_de
824,NORTHSTAR REALTY EUROPE,United States,0.166666666667,2016-03-03 08:11:11,us_md
825,TRUMP PRODUCTIONS LLC,United States,0.2,2013-04-29 06:44:21,us_nm
826,ARP HOLDINGS,United States,0.333333333333,2016-07-05 14:45:37,us_tx
827,FINANCIAL FREEDOM,United States,1.0,2012-02-20 17:55:54,us_az
828,DJT OPERATIONS CX LLC,United States,0.5,2015-08-28 07:01:11,us_ct
829,INDITEX,N/A,0.0,2012-10-15 23:11:43,za
830,"BDV, INC.",United States,0.5,2011-11-01 12:09:56,us_pa
831,MNC FINANCIAL SERVICES,United States,0.333333333333,2011-09-15 22:03:37,us_ca
832,NATIXIS,FRANCE,0.142857142857,2013-01-09 05:57:45,ae_du
833,DT MARKS DUBAI LLC,N/A,0.0,2015-09-13 20:39:06,us_de
834,CHAIN,Romania,0.333333333333,2014-05-21 12:28:16,ro
835,UBS GROUP AG,CH,1.0,2016-09-09 23:58:51,ch
836,"BELLPORT INVESTORS I, LLC",United States,0.5,2013-08-14 13:25:07,us_ny
837,TRUMP VIRGINIA ACQUISITIONS LLC,N/A,0.0,2015-09-15 07:43:52,us_de
838,MAKERBOT,N/A,0.0,2011-10-19 04:06:16,us_de
839,GLENCORE,Switzerland,0.5,2017-02-01 23:07:09,fr
840,DT MARKS PUNE LLC,N/A,0.0,2015-09-14 05:38:16,us_de
841,SACRED HEART UNIVERSITY,United States,0.5,2012-01-18 09:14:19,us_ct
842,WORCESTER POLYTECHNIC INSTITUTE,USA,0.5,2012-01-15 21:08:45,us_ma
843,"FIRST MEMBER, INC.",United States,1.0,2013-08-15 16:53:11,us_ny
844,TTTT VENTURE LLC,United States,0.5,2016-07-20 00:10:34,us_ny
845,MOBILE PAYROLL CONSTRUCTION LLC,United States,0.333333333333,2015-06-06 08:14:41,us_ny
846,TRUMP CPS LLC,United States,1.0,2013-08-19 11:11:20,us_ny
847,NETWORK INDIANA,N/A,0.0,2012-02-20 11:03:28,us_fl
